"","category","subcategory","ID","Description","GeneRatio","BgRatio","pvalue","p.adjust","qvalue","geneID","Count"
"mmu04974","Organismal Systems","Digestive system","mmu04974","Protein digestion and absorption - Mus musculus (house mouse)","25/292","81/6691",2.09363221906032e-15,5.77842492460649e-13,5.31121436624776e-13,"Col6a1,Col18a1,Col1a1,Col5a3,Col26a1,Atp1a4,Col6a2,Col2a1,Col5a2,Col3a1,Atp1b1,Col5a1,Col11a1,Col24a1,Col15a1,Col1a2,Col4a5,Col12a1,Col16a1,Col6a3,Col8a2,Col4a4,Col8a1,Col22a1,Col4a3",25
"mmu00190","Metabolism","Energy metabolism","mmu00190","Oxidative phosphorylation - Mus musculus (house mouse)","23/292","112/6691",3.0503264725848e-10,4.20945053216703e-08,3.86909831522599e-08,"Cox5a,Sdhd,Ndufa9,Ndufa11,Ndufb2,Atp5g1,Sdhb,Atp5g3,Ppa1,Cox11,Ndufs4,Ndufb9,Cyc1,Atp5j,Atp5a1,Uqcrc1,Ndufb5,Ndufab1,Uqcrc2,Ndufc1,Uqcrq,Cox5b,Cycs",23
"mmu05415","Human Diseases","Cardiovascular disease","mmu05415","Diabetic cardiomyopathy - Mus musculus (house mouse)","29/292","183/6691",9.63744231486542e-10,8.86644692967619e-08,8.14955648379848e-08,"Cox5a,Sdhd,Ndufa9,Col1a1,Ndufa11,Ndufb2,Atp5g1,Sdhb,Atp5g3,Pdhb,Ndufs4,Ppif,Ndufb9,Ppara,Cyc1,Atp5j,Atp5a1,Uqcrc1,Col3a1,Mpc2,Ndufb5,Col1a2,Ndufab1,Uqcrc2,Mmp2,Ndufc1,Uqcrq,Mapk10,Cox5b",29
"mmu04820",NA,NA,"mmu04820","Cytoskeleton in muscle cells - Mus musculus (house mouse)","29/292","222/6691",8.61005481918078e-08,5.94093782523474e-06,5.46058739848044e-06,"Col6a1,Col1a1,Col5a3,Atp1a4,Col6a2,Thbs4,Fhl1,Fbn2,Col5a2,Col3a1,Atp1b1,Col5a1,Itgb6,Fbn1,Col11a1,Col24a1,Col1a2,Col4a5,Ank2,Myh2,Col6a3,Myoz3,Myl3,Eno3,Myl1,Col4a4,Sptbn2,Actc1,Col4a3",29
"mmu04512","Environmental Information Processing","Signaling molecules and interaction","mmu04512","ECM-receptor interaction - Mus musculus (house mouse)","17/292","86/6691",1.23354138462867e-07,6.80914844315024e-06,6.25859944622124e-06,"Col6a1,Col1a1,Col6a2,Thbs4,Col2a1,Lamc3,Itgb6,Tnc,Col1a2,Col4a5,Fras1,Chad,Col6a3,Sv2c,Frem1,Col4a4,Col4a3",17
"mmu04932","Human Diseases","Endocrine and metabolic disease","mmu04932","Non-alcoholic fatty liver disease - Mus musculus (house mouse)","22/292","143/6691",1.92687667430351e-07,8.86363270179617e-06,8.146969798371e-06,"Cox5a,Sdhd,Ndufa9,Ndufa11,Ndufb2,Prkag3,Sdhb,Ndufs4,Ndufb9,Ppara,Cyc1,Ddit3,Uqcrc1,Ndufb5,Ndufab1,Uqcrc2,Ndufc1,Uqcrq,Mapk10,Lep,Cox5b,Cycs",22
"mmu04714","Organismal Systems","Environmental adaptation","mmu04714","Thermogenesis - Mus musculus (house mouse)","27/292","207/6691",2.54424235421739e-07,1.00315841394857e-05,9.22048732881792e-06,"Cox5a,Sdhd,Ndufa9,Ndufa11,Ndufb2,Atp5g1,Prkag3,Sdhb,Atp5g3,Cox11,Slc25a29,Ndufs4,Ndufb9,Cyc1,Atp5j,Atp5a1,Uqcrc1,Coa5,Ndufaf1,Ndufb5,Dpf1,Ndufab1,Uqcrc2,Adcy7,Ndufc1,Uqcrq,Cox5b",27
"mmu05208","Human Diseases","Cancer: overview","mmu05208","Chemical carcinogenesis - reactive oxygen species - Mus musculus (house mouse)","24/292","195/6691",3.47734361145221e-06,0.000119968354595101,0.000110268396099998,"Cox5a,Sdhd,Ndufa9,Ndufa11,Ndufb2,Atp5g1,Sod2,Sdhb,Atp5g3,Ndufs4,Ppif,Ndufb9,Cyc1,Atp5j,Atp5a1,Uqcrc1,Ndufb5,Ndufab1,Uqcrc2,Gsta4,Ndufc1,Uqcrq,Mapk10,Cox5b",24
"mmu05012","Human Diseases","Neurodegenerative disease","mmu05012","Parkinson disease - Mus musculus (house mouse)","26/292","236/6691",1.06291241389489e-05,0.000316673570586158,0.000291069147640214,"Cox5a,Sdhd,Ndufa9,Ndufa11,Ndufb2,Atp5g1,Sdhb,Atp5g3,Ndufs4,Ppif,Ndufb9,Cyc1,Atp5j,Ddit3,Atp5a1,Uqcrc1,Ndufb5,Ndufab1,Uqcrc2,Calm2,Ndufc1,Uqcrq,Mapk10,Cox5b,Cycs,Tuba1a",26
"mmu05020","Human Diseases","Neurodegenerative disease","mmu05020","Prion disease - Mus musculus (house mouse)","26/292","237/6691",1.14736800937014e-05,0.000316673570586158,0.000291069147640214,"Cox5a,Sdhd,Ndufa9,Ndufa11,Ndufb2,Atp5g1,Sdhb,Atp5g3,Ndufs4,Ppif,Ndufb9,Cyc1,Atp5j,Ddit3,Atp5a1,Uqcrc1,Ndufb5,Ndufab1,Uqcrc2,Ndufc1,Uqcrq,Mapk10,Cox5b,Cycs,Tuba1a,C7",26
"mmu05016","Human Diseases","Neurodegenerative disease","mmu05016","Huntington disease - Mus musculus (house mouse)","27/292","269/6691",3.9097453863065e-05,0.000980990660564178,0.00090167333789461,"Cox5a,Sdhd,Ndufa9,Gria3,Ndufa11,Ndufb2,Atp5g1,Sod2,Sdhb,Atp5g3,Dlg4,Ndufs4,Ppif,Ndufb9,Cyc1,Atp5j,Atp5a1,Uqcrc1,Ndufb5,Ndufab1,Uqcrc2,Ndufc1,Uqcrq,Mapk10,Cox5b,Cycs,Tuba1a",27
"mmu05022","Human Diseases","Neurodegenerative disease","mmu05022","Pathways of neurodegeneration - multiple diseases - Mus musculus (house mouse)","35/292","418/6691",0.000128491161574074,0.00295529671620369,0.00271634824029401,"Cox5a,Wnt9a,Sdhd,Ndufa9,Gria3,Ndufa11,Ndufb2,Tomm40l,Atp5g1,Sdhb,Atp5g3,Map2k6,Dlg4,Ndufs4,Ppif,Wnt5a,Ndufb9,Cyc1,Atp5j,Ddit3,Atp5a1,Uqcrc1,Ndufb5,Wnt5b,Ndufab1,Uqcrc2,Calm2,Ndufc1,Uqcrq,Mapk10,Fzd9,Cox5b,Cycs,Sptbn2,Tuba1a",35
"mmu04510","Cellular Processes","Cellular community - eukaryotes","mmu04510","Focal adhesion - Mus musculus (house mouse)","21/292","199/6691",0.000143267522094148,0.00304167969984499,0.00279574678742427,"Ccnd2,Col6a1,Col1a1,Igf1,Col6a2,Thbs4,Col2a1,Vegfb,Lamc3,Itgb6,Tnc,Col1a2,Col4a5,Chad,Mylk4,Mapk10,Col6a3,Kdr,Col4a4,Ccnd1,Col4a3",21
"mmu05010","Human Diseases","Neurodegenerative disease","mmu05010","Alzheimer disease - Mus musculus (house mouse)","30/292","340/6691",0.000160263278013896,0.00315947605227395,0.00290401879709391,"Cox5a,Wnt9a,Sdhd,Ndufa9,Ndufa11,Ndufb2,Atp5g1,Sdhb,Atp5g3,Ndufs4,Ppif,Wnt5a,Ndufb9,Cyc1,Atp5j,Ddit3,Atp5a1,Uqcrc1,Ndufb5,Wnt5b,Ndufab1,Uqcrc2,Calm2,Ndufc1,Uqcrq,Mapk10,Fzd9,Cox5b,Cycs,Tuba1a",30
"mmu04260","Organismal Systems","Circulatory system","mmu04260","Cardiac muscle contraction - Mus musculus (house mouse)","11/292","76/6691",0.000411166112870692,0.00756545647682074,0.00695375671591837,"Cox5a,Atp1a4,Cyc1,Uqcrc1,Atp1b1,Uqcrc2,Cacna2d4,Uqcrq,Myl3,Cox5b,Actc1",11
"mmu04723","Organismal Systems","Nervous system","mmu04723","Retrograde endocannabinoid signaling - Mus musculus (house mouse)","14/292","120/6691",0.000684861528402436,0.011813861364942,0.0108586597595386,"Ndufa9,Gabrg1,Gria3,Ndufa11,Ndufb2,Ndufs4,Ndufb9,Ndufb5,Ndufab1,Adcy7,Gnb5,Dagla,Ndufc1,Mapk10",14
"mmu00020","Metabolism","Carbohydrate metabolism","mmu00020","Citrate cycle (TCA cycle) - Mus musculus (house mouse)","6/292","30/6691",0.00160445262151156,0.02604876020807,0.0239426056832375,"Dlat,Sdhd,Sdhb,Mdh2,Pdhb,Idh3a",6
"mmu00650","Metabolism","Carbohydrate metabolism","mmu00650","Butanoate metabolism - Mus musculus (house mouse)","5/292","22/6691",0.00218209944884894,0.0334588582156837,0.0307535653317307,"Oxct1,Hadh,Acads,Bdh1,Hmgcs1",5
"mmu05014","Human Diseases","Neurodegenerative disease","mmu05014","Amyotrophic lateral sclerosis - Mus musculus (house mouse)","25/292","321/6691",0.00330775009619473,0.0480494224499866,0.0441644195669213,"Cox5a,Sdhd,Ndufa9,Ndufa11,Ndufb2,Tomm40l,Atp5g1,Sdhb,Atp5g3,Map2k6,Ndufs4,Ndufb9,Cyc1,Atp5j,Ddit3,Atp5a1,Uqcrc1,Ndufb5,Ndufab1,Uqcrc2,Ndufc1,Uqcrq,Cox5b,Cycs,Tuba1a",25
"mmu05165","Human Diseases","Infectious disease: viral","mmu05165","Human papillomavirus infection - Mus musculus (house mouse)","24/292","305/6691",0.00348425340339512,0.0480826969668527,0.044195003695696,"Wnt9a,Ccnd2,Col6a1,Col1a1,Col6a2,Traf3,Thbs4,Wnt5a,Col2a1,Hes1,Lamc3,Itgb6,Ccne2,Tnc,Col1a2,Wnt5b,Col4a5,Pkm,Chad,Col6a3,Fzd9,Col4a4,Ccnd1,Col4a3",24
"mmu00240","Metabolism","Nucleotide metabolism","mmu00240","Pyrimidine metabolism - Mus musculus (house mouse)","7/292","51/6691",0.00623642808045039,0.0819644833430622,0.0753373016234859,"Hddc2,Entpd4b,Dut,Nt5m,Nme1,Nt5c1a,Entpd4",7
"mmu04151","Environmental Information Processing","Signal transduction","mmu04151","PI3K-Akt signaling pathway - Mus musculus (house mouse)","23/292","310/6691",0.00850083808630368,0.106646877809992,0.098024018124363,"Ccnd2,Col6a1,Col1a1,Igf1,Col6a2,Thbs4,Col2a1,Vegfb,Lamc3,Itgb6,Ccne2,Tnc,Col1a2,Ret,Col4a5,Gnb5,Chad,Col6a3,Kdr,Col4a4,Ccnd1,Ntf5,Col4a3",23
"mmu04933","Human Diseases","Endocrine and metabolic disease","mmu04933","AGE-RAGE signaling pathway in diabetic complications - Mus musculus (house mouse)","10/292","99/6691",0.0107739356501542,0.129287227801851,0.118833798246552,"Col1a1,Vegfb,Col3a1,Col1a2,Col4a5,Mmp2,Mapk10,Col4a4,Ccnd1,Col4a3",10
"mmu00230","Metabolism","Nucleotide metabolism","mmu00230","Purine metabolism - Mus musculus (house mouse)","11/292","115/6691",0.0113561123470162,0.130595291990686,0.120036099808373,"Hddc2,Pde7b,Entpd4b,Pgm1,Adcy7,Pde4a,Nt5m,Nme1,Adk,Nt5c1a,Entpd4",11
"mmu04926","Organismal Systems","Endocrine system","mmu04926","Relaxin signaling pathway - Mus musculus (house mouse)","11/292","117/6691",0.0128274029012185,0.141614528029453,0.130164383123944,"Col1a1,Vegfb,Col3a1,Col1a2,Col4a5,Adcy7,Mmp2,Gnb5,Mapk10,Col4a4,Col4a3",11
"mmu01232","Metabolism","Global and overview maps","mmu01232","Nucleotide metabolism - Mus musculus (house mouse)","8/292","77/6691",0.0184429514798656,0.194197896679364,0.178496159800635,"Hddc2,Entpd4b,Dut,Nt5m,Nme1,Adk,Nt5c1a,Entpd4",8
"mmu00760","Metabolism","Metabolism of cofactors and vitamins","mmu00760","Nicotinate and nicotinamide metabolism - Mus musculus (house mouse)","5/292","36/6691",0.018997620327329,0.194197896679364,0.178496159800635,"Nmrk2,Sirt3,Nt5m,Sirt5,Nt5c1a",5
"mmu05146","Human Diseases","Infectious disease: parasitic","mmu05146","Amoebiasis - Mus musculus (house mouse)","8/292","82/6691",0.0259472393327333,0.248493882336621,0.228402081018786,"Col1a1,Col3a1,Lamc3,Col1a2,Col4a5,Serpinb6b,Col4a4,Col4a3",8
"mmu00620","Metabolism","Carbohydrate metabolism","mmu00620","Pyruvate metabolism - Mus musculus (house mouse)","5/292","39/6691",0.026109864448413,0.248493882336621,0.228402081018786,"Dlat,Mdh2,Pdhb,Ldhd,Pkm",5
"mmu04024","Environmental Information Processing","Signal transduction","mmu04024","cAMP signaling pathway - Mus musculus (house mouse)","14/292","182/6691",0.0275014582574163,0.25301341596823,0.232556190878503,"Gria3,Tiam1,Crhr2,Atp1a4,Ppara,Cnga3,Atp1b1,Edn3,Adcy7,Pde4a,Calm2,Kcnk2,Mapk10,Hhip",14
"mmu04080","Environmental Information Processing","Signaling molecules and interaction","mmu04080","Neuroactive ligand-receptor interaction - Mus musculus (house mouse)","14/292","185/6691",0.0310588473286427,0.276523931055012,0.254165779497551,"Gabrg1,Gria3,Crhr2,Lynx1,Grm8,Edn3,Chrna4,P2ry1,P2ry2,Apln,Aplnr,Npy4r,Lep,Paqr9",14
"mmu05205","Human Diseases","Cancer: overview","mmu05205","Proteoglycans in cancer - Mus musculus (house mouse)","14/292","188/6691",0.0349417659801969,0.301372731579199,0.277005447408798,"Wnt9a,Col1a1,Tiam1,Igf1,Wnt5a,Hbegf,Col1a2,Wnt5b,Mmp2,Ank2,Lum,Fzd9,Kdr,Ccnd1",14
"mmu01200","Metabolism","Global and overview maps","mmu01200","Carbon metabolism - Mus musculus (house mouse)","9/292","104/6691",0.0372011988861991,0.311137299775484,0.285980508184178,"Dlat,Sdhd,Sdhb,Mdh2,Pdhb,Acads,Idh3a,Pkm,Eno3",9
"mmu00790","Metabolism","Metabolism of cofactors and vitamins","mmu00790","Folate biosynthesis - Mus musculus (house mouse)","3/292","18/6691",0.0412866671301491,0.331131611296182,0.304358193449198,"Qdpr,Alpl,Akr1b10",3
"mmu05222","Human Diseases","Cancer: specific types","mmu05222","Small cell lung cancer - Mus musculus (house mouse)","8/292","90/6691",0.0419913275194433,0.331131611296182,0.304358193449198,"Traf3,Lamc3,Ccne2,Col4a5,Cycs,Col4a4,Ccnd1,Col4a3",8
"mmu04371","Environmental Information Processing","Signal transduction","mmu04371","Apelin signaling pathway - Mus musculus (house mouse)","10/292","128/6691",0.0524719771683945,0.402285158291024,0.369758669519973,"Mef2c,Prkag3,Adcy7,Gnb5,Calm2,Apln,Aplnr,Mylk4,Myl3,Ccnd1",10
"mmu04971","Organismal Systems","Digestive system","mmu04971","Gastric acid secretion - Mus musculus (house mouse)","6/292","65/6691",0.0630819816997524,0.470557485111666,0.432510884484789,"Atp1a4,Atp1b1,Adcy7,Calm2,Kcnk2,Mylk4",6
"mmu04964","Organismal Systems","Excretory system","mmu04964","Proximal tubule bicarbonate reclamation - Mus musculus (house mouse)","3/292","22/6691",0.068638664126404,0.498533455233881,0.45822487685494,"Atp1a4,Slc38a3,Atp1b1",3
"mmu04934","Human Diseases","Endocrine and metabolic disease","mmu04934","Cushing syndrome - Mus musculus (house mouse)","10/292","137/6691",0.0757781793571323,0.536276346219705,0.492916092444504,"Wnt9a,Crhr2,Wnt5a,Nceh1,Ccne2,Wnt5b,Adcy7,Kcnk2,Fzd9,Ccnd1",10
"mmu04115","Cellular Processes","Cell growth and death","mmu04115","p53 signaling pathway - Mus musculus (house mouse)","6/292","70/6691",0.0839174525978697,0.579030422925301,0.532213317791753,"Ccnd2,Igf1,Steap3,Ccne2,Cycs,Ccnd1",6
"mmu00010","Metabolism","Carbohydrate metabolism","mmu00010","Glycolysis / Gluconeogenesis - Mus musculus (house mouse)","5/292","55/6691",0.090543576545813,0.609512856747424,0.5602311154696,"Dlat,Pdhb,Pgm1,Pkm,Eno3",5
"mmu04750","Organismal Systems","Sensory system","mmu04750","Inflammatory mediator regulation of TRP channels - Mus musculus (house mouse)","7/292","89/6691",0.0928920034837662,0.610433165750464,0.5610770135235,"Igf1,Map2k6,Asic1,Adcy7,P2ry2,Calm2,Mapk10",7
"mmu05217","Human Diseases","Cancer: specific types","mmu05217","Basal cell carcinoma - Mus musculus (house mouse)","5/292","56/6691",0.0960704761815563,0.616638405258361,0.566780532674543,"Wnt9a,Wnt5a,Wnt5b,Fzd9,Hhip",5
"mmu05033","Human Diseases","Substance dependence","mmu05033","Nicotine addiction - Mus musculus (house mouse)","3/292","26/6691",0.102215081551297,0.641167329730865,0.589326187891451,"Gabrg1,Gria3,Chrna4",3
"mmu00590","Metabolism","Lipid metabolism","mmu00590","Arachidonic acid metabolism - Mus musculus (house mouse)","4/292","42/6691",0.109091835600307,0.668778483116555,0.614704860530472,"Ptgis,Cbr2,Plaat3,Ptgr2",4
"mmu01210",NA,NA,"mmu01210","2-Oxocarboxylic acid metabolism - Mus musculus (house mouse)","3/292","27/6691",0.111463080519426,0.668778483116555,0.614704860530472,"Dlat,Pdhb,Idh3a",3
"mmu00330","Metabolism","Amino acid metabolism","mmu00330","Arginine and proline metabolism - Mus musculus (house mouse)","4/292","43/6691",0.116388345042577,0.683471983654283,0.628210328225333,"Gamt,Smox,Amd2,Amd1",4
"mmu00410","Metabolism","Metabolism of other amino acids","mmu00410","beta-Alanine metabolism - Mus musculus (house mouse)","3/292","28/6691",0.121017773330885,0.69585219665259,0.63958954764788,"Smox,Acads,Gadl1",3
"mmu04550","Cellular Processes","Cellular community - eukaryotes","mmu04550","Signaling pathways regulating pluripotency of stem cells - Mus musculus (house mouse)","8/292","116/6691",0.133437528126502,0.740386333898921,0.680522907969641,"Wnt9a,Igf1,Esrrb,Wnt5a,Skil,Wnt5b,Inhba,Fzd9",8
"mmu04310","Environmental Information Processing","Signal transduction","mmu04310","Wnt signaling pathway - Mus musculus (house mouse)","10/292","155/6691",0.139163665433254,0.740386333898921,0.680522907969641,"Wnt9a,Ccnd2,Ccn4,Wif1,Wnt5a,Frzb,Wnt5b,Mapk10,Fzd9,Ccnd1",10
"mmu05230","Human Diseases","Cancer: overview","mmu05230","Central carbon metabolism in cancer - Mus musculus (house mouse)","5/292","63/6691",0.139277470068745,0.740386333898921,0.680522907969641,"Pdhb,Slc16a3,Sirt3,Ret,Pkm",5
"mmu00270","Metabolism","Amino acid metabolism","mmu00270","Cysteine and methionine metabolism - Mus musculus (house mouse)","4/292","46/6691",0.139493077401246,0.740386333898921,0.680522907969641,"Mdh2,Dnmt3a,Amd2,Amd1",4
"mmu04350","Environmental Information Processing","Signal transduction","mmu04350","TGF-beta signaling pathway - Mus musculus (house mouse)","7/292","101/6691",0.151297343201834,0.783949068571661,0.720563407802328,"Tfrc,Fbn1,Skil,Igsf1,Inhba,Fmod,Grem2",7
"mmu04912","Organismal Systems","Endocrine system","mmu04912","GnRH signaling pathway - Mus musculus (house mouse)","6/292","83/6691",0.153381339503151,0.783949068571661,0.720563407802328,"Map2k6,Hbegf,Adcy7,Mmp2,Calm2,Mapk10",6
"mmu04960","Organismal Systems","Excretory system","mmu04960","Aldosterone-regulated sodium reabsorption - Mus musculus (house mouse)","3/292","32/6691",0.161941331598316,0.812651045838823,0.746944706510894,"Atp1a4,Igf1,Atp1b1",3
"mmu00785","Metabolism","Metabolism of cofactors and vitamins","mmu00785","Lipoic acid metabolism - Mus musculus (house mouse)","2/292","17/6691",0.168214999997053,0.815207556912158,0.749294512646186,"Dlat,Pdhb",2
"mmu04973","Organismal Systems","Digestive system","mmu04973","Carbohydrate digestion and absorption - Mus musculus (house mouse)","3/292","33/6691",0.172757487828523,0.815207556912158,0.749294512646186,"Atp1a4,Atp1b1,Slc37a4",3
"mmu05200","Human Diseases","Cancer: overview","mmu05200","Pathways in cancer - Mus musculus (house mouse)","25/292","470/6691",0.173878579197738,0.815207556912158,0.749294512646186,"Wnt9a,Ccnd2,Arnt2,Igf1,Traf3,Wnt5a,Hes1,Vegfb,Lamc3,Ccne2,Ret,Wnt5b,Col4a5,Adcy7,Mmp2,Gnb5,Gsta4,Calm2,Mapk10,Fzd9,Cycs,Hhip,Col4a4,Ccnd1,Col4a3",25
"mmu04340","Environmental Information Processing","Signal transduction","mmu04340","Hedgehog signaling pathway - Mus musculus (house mouse)","4/292","51/6691",0.18158644058982,0.815207556912158,0.749294512646186,"Ccnd2,Scube2,Hhip,Ccnd1",4
"mmu04972","Organismal Systems","Digestive system","mmu04972","Pancreatic secretion - Mus musculus (house mouse)","5/292","69/6691",0.181920642545371,0.815207556912158,0.749294512646186,"Atp1a4,Atp1b1,Adcy7,Clca2,Clca4a",5
"mmu04710","Organismal Systems","Environmental adaptation","mmu04710","Circadian rhythm - Mus musculus (house mouse)","3/292","34/6691",0.18377168015595,0.815207556912158,0.749294512646186,"Prkag3,Bhlhe41,Dbp",3
"mmu00100","Metabolism","Lipid metabolism","mmu00100","Steroid biosynthesis - Mus musculus (house mouse)","2/292","18/6691",0.184081041605416,0.815207556912158,0.749294512646186,"Cyp51,Dhcr24",2
"mmu04261","Organismal Systems","Circulatory system","mmu04261","Adrenergic signaling in cardiomyocytes - Mus musculus (house mouse)","9/292","146/6691",0.187005671716462,0.815207556912158,0.749294512646186,"Atp1a4,Scn1b,Atp1b1,Adcy7,Calm2,Kcnk2,Cacna2d4,Myl3,Actc1",9
"mmu00280","Metabolism","Amino acid metabolism","mmu00280","Valine, leucine and isoleucine degradation - Mus musculus (house mouse)","4/292","52/6691",0.190469173960873,0.815207556912158,0.749294512646186,"Oxct1,Hadh,Acads,Hmgcs1",4
"mmu04916","Organismal Systems","Endocrine system","mmu04916","Melanogenesis - Mus musculus (house mouse)","6/292","89/6691",0.19198728695395,0.815207556912158,0.749294512646186,"Wnt9a,Wnt5a,Wnt5b,Adcy7,Calm2,Fzd9",6
"mmu01522","Human Diseases","Drug resistance: antineoplastic","mmu01522","Endocrine resistance - Mus musculus (house mouse)","6/292","90/6691",0.198758890909437,0.831173543803098,0.763969580688584,"Igf1,Hbegf,Adcy7,Mmp2,Mapk10,Ccnd1",6
"mmu04727","Organismal Systems","Nervous system","mmu04727","GABAergic synapse - Mus musculus (house mouse)","5/292","72/6691",0.204862625264862,0.843911710046299,0.775677811293509,"Gabrg1,Slc38a3,Trak2,Adcy7,Gnb5",5
"mmu05410","Human Diseases","Cardiovascular disease","mmu05410","Hypertrophic cardiomyopathy - Mus musculus (house mouse)","6/292","92/6691",0.212561736794293,0.845887762655982,0.777494091533531,"Prkag3,Igf1,Itgb6,Cacna2d4,Myl3,Actc1",6
"mmu00770","Metabolism","Metabolism of cofactors and vitamins","mmu00770","Pantothenate and CoA biosynthesis - Mus musculus (house mouse)","2/292","20/6691",0.216375042301448,0.845887762655982,0.777494091533531,"Ppcs,Gadl1",2
"mmu05219","Human Diseases","Cancer: specific types","mmu05219","Bladder cancer - Mus musculus (house mouse)","3/292","37/6691",0.217827027841449,0.845887762655982,0.777494091533531,"Hbegf,Mmp2,Ccnd1",3
"mmu04976","Organismal Systems","Digestive system","mmu04976","Bile secretion - Mus musculus (house mouse)","4/292","55/6691",0.21789255565273,0.845887762655982,0.777494091533531,"Atp1a4,Atp1b1,Nceh1,Adcy7",4
"mmu05032","Human Diseases","Substance dependence","mmu05032","Morphine addiction - Mus musculus (house mouse)","5/292","74/6691",0.220666372866778,0.845887762655982,0.777494091533531,"Gabrg1,Pde7b,Adcy7,Pde4a,Gnb5",5
"mmu04213","Organismal Systems","Aging","mmu04213","Longevity regulating pathway - multiple species - Mus musculus (house mouse)","4/292","57/6691",0.236735063816223,0.887281499302148,0.815540966177794,"Prkag3,Sod2,Igf1,Adcy7",4
"mmu04724","Organismal Systems","Nervous system","mmu04724","Glutamatergic synapse - Mus musculus (house mouse)","6/292","96/6691",0.241109103071236,0.887281499302148,0.815540966177794,"Gria3,Slc38a3,Dlg4,Grm8,Adcy7,Gnb5",6
"mmu05414","Human Diseases","Cardiovascular disease","mmu05414","Dilated cardiomyopathy - Mus musculus (house mouse)","6/292","96/6691",0.241109103071236,0.887281499302148,0.815540966177794,"Igf1,Itgb6,Adcy7,Cacna2d4,Myl3,Actc1",6
"mmu00900","Metabolism","Metabolism of terpenoids and polyketides","mmu00900","Terpenoid backbone biosynthesis - Mus musculus (house mouse)","2/292","22/6691",0.24911853765659,0.90469363675288,0.831545257274767,"Idi1,Hmgcs1",2
"mmu04068","Environmental Information Processing","Signal transduction","mmu04068","FoxO signaling pathway - Mus musculus (house mouse)","7/292","119/6691",0.262620693836039,0.941341707775933,0.865230173813882,"Ccnd2,Prkag3,Sod2,Igf1,Mapk10,Foxo6,Ccnd1",7
"mmu04924","Organismal Systems","Endocrine system","mmu04924","Renin secretion - Mus musculus (house mouse)","4/292","61/6691",0.275459415782878,0.961028925236703,0.883325594897199,"Edn3,Calm2,Clca2,Clca4a",4
"mmu05162","Human Diseases","Infectious disease: viral","mmu05162","Measles - Mus musculus (house mouse)","7/292","121/6691",0.276268064224049,0.961028925236703,0.883325594897199,"Ccnd2,Tnfaip3,Traf3,Ccne2,Mapk10,Cycs,Ccnd1",7
"mmu00062","Metabolism","Lipid metabolism","mmu00062","Fatty acid elongation - Mus musculus (house mouse)","2/292","24/6691",0.28200055081412,0.961028925236703,0.883325594897199,"Hadh,Hacd1",2
"mmu04928","Organismal Systems","Endocrine system","mmu04928","Parathyroid hormone synthesis, secretion and action - Mus musculus (house mouse)","6/292","102/6691",0.285855863547501,0.961028925236703,0.883325594897199,"Mef2c,Hbegf,Adcy7,Mmp15,Pde4a,Pthlh",6
"mmu05202","Human Diseases","Cancer: overview","mmu05202","Transcriptional misregulation in cancer - Mus musculus (house mouse)","9/292","164/6691",0.287546975717943,0.961028925236703,0.883325594897199,"Ccnd2,Gria3,Mef2c,Arnt2,Igf1,Ddit3,Slc45a3,Mycn,H3c15",9
"mmu00980","Metabolism","Xenobiotics biodegradation and metabolism","mmu00980","Metabolism of xenobiotics by cytochrome P450 - Mus musculus (house mouse)","3/292","43/6691",0.289005075342922,0.961028925236703,0.883325594897199,"Cbr2,Gsta4,Cyp2s1",3
"mmu04914","Organismal Systems","Endocrine system","mmu04914","Progesterone-mediated oocyte maturation - Mus musculus (house mouse)","5/292","83/6691",0.295620819960044,0.966277600035738,0.888149891718584,"Igf1,Cpeb1,Aurka,Adcy7,Mapk10",5
"mmu00052","Metabolism","Carbohydrate metabolism","mmu00052","Galactose metabolism - Mus musculus (house mouse)","2/292","25/6691",0.298410030482575,0.966277600035738,0.888149891718584,"Pgm1,Akr1b10",2
"mmu04978","Organismal Systems","Digestive system","mmu04978","Mineral absorption - Mus musculus (house mouse)","3/292","44/6691",0.30108649856186,0.966277600035738,0.888149891718584,"Atp1a4,Atp1b1,Cybrd1",3
"mmu00983","Metabolism","Xenobiotics biodegradation and metabolism","mmu00983","Drug metabolism - other enzymes - Mus musculus (house mouse)","4/292","64/6691",0.30515285289553,0.968071119530648,0.889798397432823,"Tpmt,Dut,Gsta4,Nme1",4
"mmu04620","Organismal Systems","Immune system","mmu04620","Toll-like receptor signaling pathway - Mus musculus (house mouse)","5/292","85/6691",0.312881619093387,0.981310532611077,0.901967346907969,"Map2k6,Traf3,Cxcl9,Irf5,Mapk10",5
"mmu04814","Cellular Processes","Cell motility","mmu04814","Motor proteins - Mus musculus (house mouse)","9/292","170/6691",0.323982720561996,0.994794395077559,0.914360980982806,"Kif11,Dynll2,Kif26b,Myh2,Kif15,Myl3,Myl1,Actc1,Tuba1a",9
"mmu04920","Organismal Systems","Endocrine system","mmu04920","Adipocytokine signaling pathway - Mus musculus (house mouse)","4/292","66/6691",0.325139748087699,0.994794395077559,0.914360980982806,"Prkag3,Ppara,Mapk10,Lep",4
"mmu04925","Organismal Systems","Endocrine system","mmu04925","Aldosterone synthesis and secretion - Mus musculus (house mouse)","5/292","88/6691",0.339006621502988,0.994794395077559,0.914360980982806,"Atp1a4,Atp1b1,Adcy7,Dagla,Calm2",5
"mmu04114","Cellular Processes","Cell growth and death","mmu04114","Oocyte meiosis - Mus musculus (house mouse)","6/292","109/6691",0.340046092698282,0.994794395077559,0.914360980982806,"Igf1,Cpeb1,Aurka,Ccne2,Adcy7,Calm2",6
"mmu05224","Human Diseases","Cancer: specific types","mmu05224","Breast cancer - Mus musculus (house mouse)","7/292","131/6691",0.346753244209483,0.994794395077559,0.914360980982806,"Wnt9a,Igf1,Wnt5a,Hes1,Wnt5b,Fzd9,Ccnd1",7
"mmu04970","Organismal Systems","Digestive system","mmu04970","Salivary secretion - Mus musculus (house mouse)","4/292","69/6691",0.355258549551876,0.994794395077559,0.914360980982806,"Atp1a4,Atp1b1,Adcy7,Calm2",4
"mmu04657","Organismal Systems","Immune system","mmu04657","IL-17 signaling pathway - Mus musculus (house mouse)","4/292","70/6691",0.365306985920813,0.994794395077559,0.914360980982806,"Tnfaip3,Traf3,Mapk10,Il17d",4
"mmu05418","Human Diseases","Cardiovascular disease","mmu05418","Fluid shear stress and atherosclerosis - Mus musculus (house mouse)","7/292","134/6691",0.368366287583413,0.994794395077559,0.914360980982806,"Mef2c,Map2k6,Mmp2,Gsta4,Calm2,Mapk10,Kdr",7
"mmu03460","Genetic Information Processing","Replication and repair","mmu03460","Fanconi anemia pathway - Mus musculus (house mouse)","3/292","50/6691",0.373668995717171,0.994794395077559,0.914360980982806,"Hes1,Faap100,Rmi2",3
"mmu04911","Organismal Systems","Endocrine system","mmu04911","Insulin secretion - Mus musculus (house mouse)","4/292","71/6691",0.375348694745772,0.994794395077559,0.914360980982806,"Atp1a4,Atp1b1,Adcy7,Rab3a",4
"mmu04215","Cellular Processes","Cell growth and death","mmu04215","Apoptosis - multiple species - Mus musculus (house mouse)","2/292","30/6691",0.379074336234922,0.994794395077559,0.914360980982806,"Mapk10,Cycs",2
"mmu04921","Organismal Systems","Endocrine system","mmu04921","Oxytocin signaling pathway - Mus musculus (house mouse)","7/292","136/6691",0.382828857194057,0.994794395077559,0.914360980982806,"Mef2c,Prkag3,Adcy7,Calm2,Cacna2d4,Mylk4,Ccnd1",7
"mmu04922","Organismal Systems","Endocrine system","mmu04922","Glucagon signaling pathway - Mus musculus (house mouse)","5/292","93/6691",0.38285144636786,0.994794395077559,0.914360980982806,"Prkag3,Pdhb,Ppara,Pkm,Calm2",5
"mmu04936","Human Diseases","Endocrine and metabolic disease","mmu04936","Alcoholic liver disease - Mus musculus (house mouse)","6/292","115/6691",0.387319233537677,0.994794395077559,0.914360980982806,"Prkag3,Map2k6,Traf3,Ppara,Mapk10,Ccnd1",6
"mmu00730","Metabolism","Metabolism of cofactors and vitamins","mmu00730","Thiamine metabolism - Mus musculus (house mouse)","1/292","11/6691",0.388116409341105,0.994794395077559,0.914360980982806,"Alpl",1
"mmu00860","Metabolism","Metabolism of cofactors and vitamins","mmu00860","Porphyrin metabolism - Mus musculus (house mouse)","2/292","31/6691",0.394780074066905,0.994794395077559,0.914360980982806,"Hccs,Alas1",2
"mmu04152","Environmental Information Processing","Signal transduction","mmu04152","AMPK signaling pathway - Mus musculus (house mouse)","6/292","117/6691",0.403110902597318,0.994794395077559,0.914360980982806,"Prkag3,Igf1,Pfkfb2,Tbc1d1,Lep,Ccnd1",6
"mmu04919","Organismal Systems","Endocrine system","mmu04919","Thyroid hormone signaling pathway - Mus musculus (house mouse)","6/292","117/6691",0.403110902597318,0.994794395077559,0.914360980982806,"Atp1a4,Dio2,Pfkfb2,Atp1b1,Rcan2,Ccnd1",6
"mmu05169","Human Diseases","Infectious disease: viral","mmu05169","Epstein-Barr virus infection - Mus musculus (house mouse)","9/292","185/6691",0.417975842944415,0.994794395077559,0.914360980982806,"Ccnd2,Tnfaip3,Map2k6,Traf3,Hes1,Ccne2,Mapk10,Cycs,Ccnd1",9
"mmu04611","Organismal Systems","Immune system","mmu04611","Platelet activation - Mus musculus (house mouse)","6/292","119/6691",0.418877242818712,0.994794395077559,0.914360980982806,"Col1a1,Col3a1,P2ry1,Col1a2,Adcy7,Mylk4",6
"mmu04390","Environmental Information Processing","Signal transduction","mmu04390","Hippo signaling pathway - Mus musculus (house mouse)","7/292","141/6691",0.419027047900432,0.994794395077559,0.914360980982806,"Wnt9a,Ccnd2,Dlg4,Wnt5a,Wnt5b,Fzd9,Ccnd1",7
"mmu00051","Metabolism","Carbohydrate metabolism","mmu00051","Fructose and mannose metabolism - Mus musculus (house mouse)","2/292","34/6691",0.440744181146884,0.994794395077559,0.914360980982806,"Pfkfb2,Akr1b10",2
"mmu00260","Metabolism","Amino acid metabolism","mmu00260","Glycine, serine and threonine metabolism - Mus musculus (house mouse)","2/292","34/6691",0.440744181146884,0.994794395077559,0.914360980982806,"Gamt,Alas1",2
"mmu01212","Metabolism","Global and overview maps","mmu01212","Fatty acid metabolism - Mus musculus (house mouse)","3/292","56/6691",0.444716517675108,0.994794395077559,0.914360980982806,"Hadh,Acads,Hacd1",3
"mmu04927","Organismal Systems","Endocrine system","mmu04927","Cortisol synthesis and secretion - Mus musculus (house mouse)","3/292","56/6691",0.444716517675108,0.994794395077559,0.914360980982806,"Nceh1,Adcy7,Kcnk2",3
"mmu04060","Environmental Information Processing","Signaling molecules and interaction","mmu04060","Cytokine-cytokine receptor interaction - Mus musculus (house mouse)","9/292","190/6691",0.449498343167972,0.994794395077559,0.914360980982806,"Relt,Tnfrsf21,Gdf11,Cntfr,Cxcl9,Cd27,Inhba,Il17d,Lep",9
"mmu05145","Human Diseases","Infectious disease: parasitic","mmu05145","Toxoplasmosis - Mus musculus (house mouse)","5/292","101/6691",0.452568532511636,0.994794395077559,0.914360980982806,"Map2k6,Ppif,Lamc3,Mapk10,Cycs",5
"mmu05216","Human Diseases","Cancer: specific types","mmu05216","Thyroid cancer - Mus musculus (house mouse)","2/292","35/6691",0.45563981539663,0.994794395077559,0.914360980982806,"Ret,Ccnd1",2
"mmu00430","Metabolism","Metabolism of other amino acids","mmu00430","Taurine and hypotaurine metabolism - Mus musculus (house mouse)","1/292","14/6691",0.46491198494343,0.994794395077559,0.914360980982806,"Gadl1",1
"mmu04979","Organismal Systems","Digestive system","mmu04979","Cholesterol metabolism - Mus musculus (house mouse)","2/292","37/6691",0.484732809401617,0.994794395077559,0.914360980982806,"Apoh,Nceh1",2
"mmu05206","Human Diseases","Cancer: overview","mmu05206","MicroRNAs in cancer - Mus musculus (house mouse)","7/292","152/6691",0.49764511468034,0.994794395077559,0.914360980982806,"Ccnd2,Dnmt3a,Slc45a3,Ccne2,Tnc,Marcks,Ccnd1",7
"mmu00565","Metabolism","Lipid metabolism","mmu00565","Ether lipid metabolism - Mus musculus (house mouse)","2/292","38/6691",0.498914658196401,0.994794395077559,0.914360980982806,"Chpt1,Plaat3",2
"mmu00310","Metabolism","Amino acid metabolism","mmu00310","Lysine degradation - Mus musculus (house mouse)","3/292","61/6691",0.501413382703621,0.994794395077559,0.914360980982806,"Suv39h2,Hadh,Kmt5a",3
"mmu04917","Organismal Systems","Endocrine system","mmu04917","Prolactin signaling pathway - Mus musculus (house mouse)","3/292","61/6691",0.501413382703621,0.994794395077559,0.914360980982806,"Ccnd2,Mapk10,Ccnd1",3
"mmu04918","Organismal Systems","Endocrine system","mmu04918","Thyroid hormone synthesis - Mus musculus (house mouse)","3/292","61/6691",0.501413382703621,0.994794395077559,0.914360980982806,"Atp1a4,Atp1b1,Adcy7",3
"mmu04713","Organismal Systems","Environmental adaptation","mmu04713","Circadian entrainment - Mus musculus (house mouse)","4/292","84/6691",0.502655642216129,0.994794395077559,0.914360980982806,"Gria3,Adcy7,Gnb5,Calm2",4
"mmu05226","Human Diseases","Cancer: specific types","mmu05226","Gastric cancer - Mus musculus (house mouse)","6/292","130/6691",0.504120081826461,0.994794395077559,0.914360980982806,"Wnt9a,Wnt5a,Ccne2,Wnt5b,Fzd9,Ccnd1",6
"mmu00592","Metabolism","Lipid metabolism","mmu00592","alpha-Linolenic acid metabolism - Mus musculus (house mouse)","1/292","16/6691",0.510693145763667,0.994794395077559,0.914360980982806,"Plaat3",1
"mmu04744","Organismal Systems","Sensory system","mmu04744","Phototransduction - Mus musculus (house mouse)","1/292","16/6691",0.510693145763667,0.994794395077559,0.914360980982806,"Calm2",1
"mmu04022","Environmental Information Processing","Signal transduction","mmu04022","cGMP-PKG signaling pathway - Mus musculus (house mouse)","7/292","154/6691",0.511624134222427,0.994794395077559,0.914360980982806,"Mef2c,Atp1a4,Ppif,Atp1b1,Adcy7,Calm2,Mylk4",7
"mmu05031","Human Diseases","Substance dependence","mmu05031","Amphetamine addiction - Mus musculus (house mouse)","3/292","62/6691",0.512401756844616,0.994794395077559,0.914360980982806,"Gria3,Arc,Calm2",3
"mmu04216","Cellular Processes","Cell growth and death","mmu04216","Ferroptosis - Mus musculus (house mouse)","2/292","39/6691",0.512844915009975,0.994794395077559,0.914360980982806,"Tfrc,Steap3",2
"mmu04913","Organismal Systems","Endocrine system","mmu04913","Ovarian steroidogenesis - Mus musculus (house mouse)","2/292","39/6691",0.512844915009975,0.994794395077559,0.914360980982806,"Igf1,Adcy7",2
"mmu05017","Human Diseases","Neurodegenerative disease","mmu05017","Spinocerebellar ataxia - Mus musculus (house mouse)","6/292","132/6691",0.519184657490634,0.994794395077559,0.914360980982806,"Gria3,Ppif,Mapk10,Kcnc3,Cycs,Sptbn2",6
"mmu00564","Metabolism","Lipid metabolism","mmu00564","Glycerophospholipid metabolism - Mus musculus (house mouse)","4/292","86/6691",0.521318100557315,0.994794395077559,0.914360980982806,"Gpam,Lpgat1,Chpt1,Plaat3",4
"mmu04211","Organismal Systems","Aging","mmu04211","Longevity regulating pathway - Mus musculus (house mouse)","4/292","86/6691",0.521318100557315,0.994794395077559,0.914360980982806,"Prkag3,Sod2,Igf1,Adcy7",4
"mmu00071","Metabolism","Lipid metabolism","mmu00071","Fatty acid degradation - Mus musculus (house mouse)","2/292","40/6691",0.526518473655061,0.994794395077559,0.914360980982806,"Hadh,Acads",2
"mmu04010","Environmental Information Processing","Signal transduction","mmu04010","MAPK signaling pathway - Mus musculus (house mouse)","12/292","273/6691",0.533017759447969,0.994794395077559,0.914360980982806,"Mef2c,Igf1,Map2k6,Vegfb,Ddit3,Ret,Dusp8,Dusp10,Cacna2d4,Mapk10,Kdr,Ntf5",12
"mmu03320","Organismal Systems","Endocrine system","mmu03320","PPAR signaling pathway - Mus musculus (house mouse)","3/292","64/6691",0.533988038353175,0.994794395077559,0.914360980982806,"Ppara,Fabp3,Hmgcs1",3
"mmu05225","Human Diseases","Cancer: specific types","mmu05225","Hepatocellular carcinoma - Mus musculus (house mouse)","7/292","158/6691",0.539165233425842,0.994794395077559,0.914360980982806,"Wnt9a,Wnt5a,Wnt5b,Dpf1,Gsta4,Fzd9,Ccnd1",7
"mmu04930","Human Diseases","Endocrine and metabolic disease","mmu04930","Type II diabetes mellitus - Mus musculus (house mouse)","2/292","41/6691",0.539931148292981,0.994794395077559,0.914360980982806,"Pkm,Mapk10",2
"mmu04014","Environmental Information Processing","Signal transduction","mmu04014","Ras signaling pathway - Mus musculus (house mouse)","9/292","205/6691",0.541970422946125,0.994794395077559,0.914360980982806,"Tiam1,Igf1,Vegfb,Gnb5,Calm2,Mapk10,Plaat3,Kdr,Ntf5",9
"mmu01230","Metabolism","Global and overview maps","mmu01230","Biosynthesis of amino acids - Mus musculus (house mouse)","3/292","65/6691",0.54457783526486,0.994794395077559,0.914360980982806,"Idh3a,Pkm,Eno3",3
"mmu04270","Organismal Systems","Circulatory system","mmu04270","Vascular smooth muscle contraction - Mus musculus (house mouse)","5/292","113/6691",0.552467516169272,0.994794395077559,0.914360980982806,"Edn3,Adcy7,Ramp1,Calm2,Mylk4",5
"mmu00340","Metabolism","Amino acid metabolism","mmu00340","Histidine metabolism - Mus musculus (house mouse)","1/292","18/6691",0.552569617419296,0.994794395077559,0.914360980982806,"Aspa",1
"mmu00591","Metabolism","Lipid metabolism","mmu00591","Linoleic acid metabolism - Mus musculus (house mouse)","1/292","18/6691",0.552569617419296,0.994794395077559,0.914360980982806,"Plaat3",1
"mmu04742","Organismal Systems","Sensory system","mmu04742","Taste transduction - Mus musculus (house mouse)","2/292","42/6691",0.553079603325253,0.994794395077559,0.914360980982806,"P2ry1,Tas1r1",2
"mmu04630","Environmental Information Processing","Signal transduction","mmu04630","JAK-STAT signaling pathway - Mus musculus (house mouse)","5/292","117/6691",0.583789590711544,0.994794395077559,0.914360980982806,"Ccnd2,Fhl1,Cntfr,Lep,Ccnd1",5
"mmu01524","Human Diseases","Drug resistance: antineoplastic","mmu01524","Platinum drug resistance - Mus musculus (house mouse)","3/292","69/6691",0.585503344137008,0.994794395077559,0.914360980982806,"Top2a,Gsta4,Cycs",3
"mmu03410","Genetic Information Processing","Replication and repair","mmu03410","Base excision repair - Mus musculus (house mouse)","2/292","45/6691",0.590917695495333,0.994794395077559,0.914360980982806,"Ung,Pole4",2
"mmu04530","Cellular Processes","Cellular community - eukaryotes","mmu04530","Tight junction - Mus musculus (house mouse)","6/292","142/6691",0.591533231166518,0.994794395077559,0.914360980982806,"Tiam1,Prkag3,Mapk10,Actr3b,Ccnd1,Tuba1a",6
"mmu00040","Metabolism","Carbohydrate metabolism","mmu00040","Pentose and glucuronate interconversions - Mus musculus (house mouse)","1/292","21/6691",0.60878149087404,0.994794395077559,0.914360980982806,"Akr1b10",1
"mmu05214","Human Diseases","Cancer: specific types","mmu05214","Glioma - Mus musculus (house mouse)","3/292","72/6691",0.614621221449964,0.994794395077559,0.914360980982806,"Igf1,Calm2,Ccnd1",3
"mmu04360","Organismal Systems","Development and regeneration","mmu04360","Axon guidance - Mus musculus (house mouse)","7/292","171/6691",0.623802927480787,0.994794395077559,0.914360980982806,"Wnt5a,Robo1,Wnt5b,Ntng2,Sema6c,Lrrc4,Robo2",7
"mmu05167","Human Diseases","Infectious disease: viral","mmu05167","Kaposi sarcoma-associated herpesvirus infection - Mus musculus (house mouse)","7/292","172/6691",0.629953750970623,0.994794395077559,0.914360980982806,"Map2k6,Traf3,Gnb5,Calm2,Mapk10,Cycs,Ccnd1",7
"mmu04015","Environmental Information Processing","Signal transduction","mmu04015","Rap1 signaling pathway - Mus musculus (house mouse)","8/292","197/6691",0.634440616489962,0.994794395077559,0.914360980982806,"Tiam1,Igf1,Map2k6,Vegfb,P2ry1,Adcy7,Calm2,Kdr",8
"mmu04210","Cellular Processes","Cell growth and death","mmu04210","Apoptosis - Mus musculus (house mouse)","5/292","124/6691",0.635637661161248,0.994794395077559,0.914360980982806,"Ddit3,Dffa,Mapk10,Cycs,Tuba1a",5
"mmu04961","Organismal Systems","Excretory system","mmu04961","Endocrine and other factor-regulated calcium reabsorption - Mus musculus (house mouse)","2/292","49/6691",0.637590426462153,0.994794395077559,0.914360980982806,"Atp1a4,Atp1b1",2
"mmu04923","Organismal Systems","Endocrine system","mmu04923","Regulation of lipolysis in adipocytes - Mus musculus (house mouse)","2/292","50/6691",0.648587152743194,0.994794395077559,0.914360980982806,"Adcy7,Plaat3",2
"mmu04066","Environmental Information Processing","Signal transduction","mmu04066","HIF-1 signaling pathway - Mus musculus (house mouse)","4/292","102/6691",0.656878217092546,0.994794395077559,0.914360980982806,"Igf1,Pdhb,Tfrc,Eno3",4
"mmu04915","Organismal Systems","Endocrine system","mmu04915","Estrogen signaling pathway - Mus musculus (house mouse)","4/292","103/6691",0.664440303759041,0.994794395077559,0.914360980982806,"Hbegf,Adcy7,Mmp2,Calm2",4
"mmu00561","Metabolism","Lipid metabolism","mmu00561","Glycerolipid metabolism - Mus musculus (house mouse)","2/292","52/6691",0.66978600807873,0.994794395077559,0.914360980982806,"Gpam,Akr1b10",2
"mmu04622","Organismal Systems","Immune system","mmu04622","RIG-I-like receptor signaling pathway - Mus musculus (house mouse)","2/292","52/6691",0.66978600807873,0.994794395077559,0.914360980982806,"Traf3,Mapk10",2
"mmu04931","Human Diseases","Endocrine and metabolic disease","mmu04931","Insulin resistance - Mus musculus (house mouse)","4/292","104/6691",0.67188875251115,0.994794395077559,0.914360980982806,"Prkag3,Ppara,Ppargc1b,Mapk10",4
"mmu00500","Metabolism","Carbohydrate metabolism","mmu00500","Starch and sucrose metabolism - Mus musculus (house mouse)","1/292","25/6691",0.6729333780129,0.994794395077559,0.914360980982806,"Pgm1",1
"mmu04146","Cellular Processes","Transport and catabolism","mmu04146","Peroxisome - Mus musculus (house mouse)","3/292","79/6691",0.677067242090859,0.994794395077559,0.914360980982806,"Sod2,Phyh,Nudt7",3
"mmu04935","Organismal Systems","Endocrine system","mmu04935","Growth hormone synthesis, secretion and action - Mus musculus (house mouse)","4/292","105/6691",0.679223104428009,0.994794395077559,0.914360980982806,"Igf1,Map2k6,Adcy7,Mapk10",4
"mmu05340","Human Diseases","Immune disease","mmu05340","Primary immunodeficiency - Mus musculus (house mouse)","1/292","26/6691",0.687260328751009,0.994794395077559,0.914360980982806,"Ung",1
"mmu05417","Human Diseases","Cardiovascular disease","mmu05417","Lipid and atherosclerosis - Mus musculus (house mouse)","7/292","182/6691",0.688250212599224,0.994794395077559,0.914360980982806,"Sod2,Map2k6,Traf3,Ddit3,Calm2,Mapk10,Cycs",7
"mmu00480","Metabolism","Metabolism of other amino acids","mmu00480","Glutathione metabolism - Mus musculus (house mouse)","2/292","54/6691",0.689941311890414,0.994794395077559,0.914360980982806,"Chac2,Gsta4",2
"mmu04730","Organismal Systems","Nervous system","mmu04730","Long-term depression - Mus musculus (house mouse)","2/292","54/6691",0.689941311890414,0.994794395077559,0.914360980982806,"Gria3,Igf1",2
"mmu04740","Organismal Systems","Sensory system","mmu04740","Olfactory transduction - Mus musculus (house mouse)","2/292","54/6691",0.689941311890414,0.994794395077559,0.914360980982806,"Cnga3,Calm2",2
"mmu04668","Environmental Information Processing","Signal transduction","mmu04668","TNF signaling pathway - Mus musculus (house mouse)","4/292","108/6691",0.70053867503809,0.994794395077559,0.914360980982806,"Tnfaip3,Map2k6,Traf3,Mapk10",4
"mmu01040","Metabolism","Lipid metabolism","mmu01040","Biosynthesis of unsaturated fatty acids - Mus musculus (house mouse)","1/292","27/6691",0.700961751707454,0.994794395077559,0.914360980982806,"Hacd1",1
"mmu04141","Genetic Information Processing","Folding, sorting and degradation","mmu04141","Protein processing in endoplasmic reticulum - Mus musculus (house mouse)","6/292","160/6691",0.70579848826012,0.994794395077559,0.914360980982806,"Ddit3,Hspa4l,Wfs1,Bag2,Mapk10,Svip",6
"mmu03010","Genetic Information Processing","Translation","mmu03010","Ribosome - Mus musculus (house mouse)","5/292","135/6691",0.708667149476295,0.994794395077559,0.914360980982806,"Mrpl28,Mrpl19,Mrpl12,Mrps6,Mrpl18",5
"mmu05210","Human Diseases","Cancer: specific types","mmu05210","Colorectal cancer - Mus musculus (house mouse)","3/292","83/6691",0.709252605599216,0.994794395077559,0.914360980982806,"Mapk10,Cycs,Ccnd1",3
"mmu00630","Metabolism","Carbohydrate metabolism","mmu00630","Glyoxylate and dicarboxylate metabolism - Mus musculus (house mouse)","1/292","28/6691",0.714064868229276,0.994794395077559,0.914360980982806,"Mdh2",1
"mmu04020","Environmental Information Processing","Signal transduction","mmu04020","Calcium signaling pathway - Mus musculus (house mouse)","8/292","213/6691",0.7192041209654,0.994794395077559,0.914360980982806,"Casq1,Ppif,Vegfb,Ret,Adcy7,Calm2,Mylk4,Kdr",8
"mmu00030","Metabolism","Carbohydrate metabolism","mmu00030","Pentose phosphate pathway - Mus musculus (house mouse)","1/292","29/6691",0.726595718968741,0.994794395077559,0.914360980982806,"Pgm1",1
"mmu05207","Human Diseases","Cancer: overview","mmu05207","Chemical carcinogenesis - receptor activation - Mus musculus (house mouse)","6/292","165/6691",0.733386080837127,0.994794395077559,0.914360980982806,"Ppara,Chrna4,Adcy7,Gsta4,Paqr7,Ccnd1",6
"mmu04664","Organismal Systems","Immune system","mmu04664","Fc epsilon RI signaling pathway - Mus musculus (house mouse)","2/292","59/6691",0.735923967060214,0.994794395077559,0.914360980982806,"Map2k6,Mapk10",2
"mmu00640","Metabolism","Carbohydrate metabolism","mmu00640","Propanoate metabolism - Mus musculus (house mouse)","1/292","30/6691",0.738579214925079,0.994794395077559,0.914360980982806,"Acads",1
"mmu04130","Genetic Information Processing","Folding, sorting and degradation","mmu04130","SNARE interactions in vesicular transport - Mus musculus (house mouse)","1/292","31/6691",0.750039186287019,0.994794395077559,0.914360980982806,"Ykt6",1
"mmu04150","Environmental Information Processing","Signal transduction","mmu04150","mTOR signaling pathway - Mus musculus (house mouse)","5/292","143/6691",0.754966055780676,0.994794395077559,0.914360980982806,"Wnt9a,Igf1,Wnt5a,Wnt5b,Fzd9",5
"mmu05161","Human Diseases","Infectious disease: viral","mmu05161","Hepatitis B - Mus musculus (house mouse)","5/292","143/6691",0.754966055780676,0.994794395077559,0.914360980982806,"Map2k6,Traf3,Ccne2,Mapk10,Cycs",5
"mmu00250","Metabolism","Amino acid metabolism","mmu00250","Alanine, aspartate and glutamate metabolism - Mus musculus (house mouse)","1/292","32/6691",0.760998429170531,0.994794395077559,0.914360980982806,"Aspa",1
"mmu03020","Genetic Information Processing","Transcription","mmu03020","RNA polymerase - Mus musculus (house mouse)","1/292","32/6691",0.760998429170531,0.994794395077559,0.914360980982806,"Polr3k",1
"mmu04728","Organismal Systems","Nervous system","mmu04728","Dopaminergic synapse - Mus musculus (house mouse)","4/292","118/6691",0.764166603372855,0.994794395077559,0.914360980982806,"Gria3,Gnb5,Calm2,Mapk10",4
"mmu05231","Human Diseases","Cancer: overview","mmu05231","Choline metabolism in cancer - Mus musculus (house mouse)","3/292","92/6691",0.772594381855575,0.994794395077559,0.914360980982806,"Slc22a4,Mapk10,Chpt1",3
"mmu05133","Human Diseases","Infectious disease: bacterial","mmu05133","Pertussis - Mus musculus (house mouse)","2/292","64/6691",0.775983156055714,0.994794395077559,0.914360980982806,"Calm2,Mapk10",2
"mmu05218","Human Diseases","Cancer: specific types","mmu05218","Melanoma - Mus musculus (house mouse)","2/292","64/6691",0.775983156055714,0.994794395077559,0.914360980982806,"Igf1,Ccnd1",2
"mmu04064","Environmental Information Processing","Signal transduction","mmu04064","NF-kappa B signaling pathway - Mus musculus (house mouse)","3/292","93/6691",0.778886066393384,0.994794395077559,0.914360980982806,"Tnfaip3,Traf3,Card11",3
"mmu01240","Metabolism","Global and overview maps","mmu01240","Biosynthesis of cofactors - Mus musculus (house mouse)","4/292","122/6691",0.786491191140968,0.994794395077559,0.914360980982806,"Ppcs,Alpl,Alas1,Nme1",4
"mmu04610","Organismal Systems","Immune system","mmu04610","Complement and coagulation cascades - Mus musculus (house mouse)","2/292","66/6691",0.790463796988496,0.994794395077559,0.914360980982806,"Cd59b,C7",2
"mmu05215","Human Diseases","Cancer: specific types","mmu05215","Prostate cancer - Mus musculus (house mouse)","3/292","95/6691",0.791041172849453,0.994794395077559,0.914360980982806,"Igf1,Ccne2,Ccnd1",3
"mmu03030","Genetic Information Processing","Replication and repair","mmu03030","DNA replication - Mus musculus (house mouse)","1/292","35/6691",0.791085162797682,0.994794395077559,0.914360980982806,"Pole4",1
"mmu04940","Human Diseases","Endocrine and metabolic disease","mmu04940","Type I diabetes mellitus - Mus musculus (house mouse)","1/292","35/6691",0.791085162797682,0.994794395077559,0.914360980982806,"Cpe",1
"mmu04725","Organismal Systems","Nervous system","mmu04725","Cholinergic synapse - Mus musculus (house mouse)","3/292","96/6691",0.796908290259253,0.994794395077559,0.914360980982806,"Chrna4,Adcy7,Gnb5",3
"mmu05416","Human Diseases","Cardiovascular disease","mmu05416","Viral myocarditis - Mus musculus (house mouse)","2/292","67/6691",0.797390893237998,0.994794395077559,0.914360980982806,"Cycs,Ccnd1",2
"mmu00380","Metabolism","Amino acid metabolism","mmu00380","Tryptophan metabolism - Mus musculus (house mouse)","1/292","36/6691",0.800250296881677,0.994794395077559,0.914360980982806,"Hadh",1
"mmu01250","Metabolism","Global and overview maps","mmu01250","Biosynthesis of nucleotide sugars - Mus musculus (house mouse)","1/292","36/6691",0.800250296881677,0.994794395077559,0.914360980982806,"Pgm1",1
"mmu04137","Cellular Processes","Transport and catabolism","mmu04137","Mitophagy - animal - Mus musculus (house mouse)","3/292","97/6691",0.802637666267956,0.994794395077559,0.914360980982806,"Tomm40l,Rhot2,Mapk10",3
"mmu00830","Metabolism","Metabolism of cofactors and vitamins","mmu00830","Retinol metabolism - Mus musculus (house mouse)","1/292","37/6691",0.809014671533901,0.994794395077559,0.914360980982806,"Cyp2s1",1
"mmu04218","Cellular Processes","Cell growth and death","mmu04218","Cellular senescence - Mus musculus (house mouse)","5/292","154/6691",0.809370190963032,0.994794395077559,0.914360980982806,"Ccnd2,Map2k6,Ccne2,Calm2,Ccnd1",5
"mmu05223","Human Diseases","Cancer: specific types","mmu05223","Non-small cell lung cancer - Mus musculus (house mouse)","2/292","70/6691",0.816972507952294,0.994794395077559,0.914360980982806,"Ret,Ccnd1",2
"mmu05204","Human Diseases","Cancer: overview","mmu05204","Chemical carcinogenesis - DNA adducts - Mus musculus (house mouse)","1/292","38/6691",0.817395752975456,0.994794395077559,0.914360980982806,"Gsta4",1
"mmu04962","Organismal Systems","Excretory system","mmu04962","Vasopressin-regulated water reabsorption - Mus musculus (house mouse)","1/292","39/6691",0.825410248711389,0.994794395077559,0.914360980982806,"Dynll2",1
"mmu05160","Human Diseases","Infectious disease: viral","mmu05160","Hepatitis C - Mus musculus (house mouse)","4/292","131/6691",0.8305729776848,0.994794395077559,0.914360980982806,"Traf3,Ppara,Cycs,Ccnd1",4
"mmu05030","Human Diseases","Substance dependence","mmu05030","Cocaine addiction - Mus musculus (house mouse)","1/292","40/6691",0.8330741403795,0.994794395077559,0.914360980982806,"Dlg4",1
"mmu05100","Human Diseases","Infectious disease: bacterial","mmu05100","Bacterial invasion of epithelial cells - Mus musculus (house mouse)","2/292","73/6691",0.834847767370959,0.994794395077559,0.914360980982806,"Septin6,Actr3b",2
"mmu04625","Organismal Systems","Immune system","mmu04625","C-type lectin receptor signaling pathway - Mus musculus (house mouse)","3/292","104/6691",0.839056143778798,0.994794395077559,0.914360980982806,"Calm2,Mapk10,Il17d",3
"mmu05322","Human Diseases","Immune disease","mmu05322","Systemic lupus erythematosus - Mus musculus (house mouse)","3/292","104/6691",0.839056143778798,0.994794395077559,0.914360980982806,"H4c9,C7,H3c15",3
"mmu04640","Organismal Systems","Immune system","mmu04640","Hematopoietic cell lineage - Mus musculus (house mouse)","2/292","74/6691",0.840447550568715,0.994794395077559,0.914360980982806,"Tfrc,Cd59b",2
"mmu05212","Human Diseases","Cancer: specific types","mmu05212","Pancreatic cancer - Mus musculus (house mouse)","2/292","75/6691",0.845875262281848,0.994794395077559,0.914360980982806,"Mapk10,Ccnd1",2
"mmu00982","Metabolism","Xenobiotics biodegradation and metabolism","mmu00982","Drug metabolism - cytochrome P450 - Mus musculus (house mouse)","1/292","42/6691",0.847410595958649,0.994794395077559,0.914360980982806,"Gsta4",1
"mmu04662","Organismal Systems","Immune system","mmu04662","B cell receptor signaling pathway - Mus musculus (house mouse)","2/292","77/6691",0.856231587053609,0.994794395077559,0.914360980982806,"Dapp1,Card11",2
"mmu05203","Human Diseases","Cancer: overview","mmu05203","Viral carcinogenesis - Mus musculus (house mouse)","6/292","194/6691",0.85752292770191,0.994794395077559,0.914360980982806,"Ccnd2,Traf3,Ccne2,Pkm,H4c9,Ccnd1",6
"mmu01521","Human Diseases","Drug resistance: antineoplastic","mmu01521","EGFR tyrosine kinase inhibitor resistance - Mus musculus (house mouse)","2/292","78/6691",0.861168640412327,0.994794395077559,0.914360980982806,"Igf1,Kdr",2
"mmu04540","Cellular Processes","Cellular community - eukaryotes","mmu04540","Gap junction - Mus musculus (house mouse)","2/292","78/6691",0.861168640412327,0.994794395077559,0.914360980982806,"Adcy7,Tuba1a",2
"mmu05412","Human Diseases","Cardiovascular disease","mmu05412","Arrhythmogenic right ventricular cardiomyopathy - Mus musculus (house mouse)","2/292","78/6691",0.861168640412327,0.994794395077559,0.914360980982806,"Itgb6,Cacna2d4",2
"mmu05144","Human Diseases","Infectious disease: parasitic","mmu05144","Malaria - Mus musculus (house mouse)","1/292","45/6691",0.86664693279676,0.994794395077559,0.914360980982806,"Thbs4",1
"mmu04012","Environmental Information Processing","Signal transduction","mmu04012","ErbB signaling pathway - Mus musculus (house mouse)","2/292","80/6691",0.87058123593032,0.994794395077559,0.914360980982806,"Hbegf,Mapk10",2
"mmu04145","Cellular Processes","Transport and catabolism","mmu04145","Phagosome - Mus musculus (house mouse)","4/292","142/6691",0.87393360574611,0.994794395077559,0.914360980982806,"Mrc2,Thbs4,Tfrc,Tuba1a",4
"mmu00520","Metabolism","Carbohydrate metabolism","mmu00520","Amino sugar and nucleotide sugar metabolism - Mus musculus (house mouse)","1/292","48/6691",0.883465472819986,0.994794395077559,0.914360980982806,"Pgm1",1
"mmu04722","Organismal Systems","Nervous system","mmu04722","Neurotrophin signaling pathway - Mus musculus (house mouse)","3/292","116/6691",0.888089017321455,0.994794395077559,0.914360980982806,"Calm2,Mapk10,Ntf5",3
"mmu04810","Cellular Processes","Cell motility","mmu04810","Regulation of actin cytoskeleton - Mus musculus (house mouse)","6/292","205/6691",0.890146022073234,0.994794395077559,0.914360980982806,"Tiam1,Itgb6,Arhgef4,Mylk4,Actr3b,C7",6
"mmu05163","Human Diseases","Infectious disease: viral","mmu05163","Human cytomegalovirus infection - Mus musculus (house mouse)","6/292","206/6691",0.892771904250042,0.994794395077559,0.914360980982806,"Map2k6,Adcy7,Gnb5,Calm2,Cycs,Ccnd1",6
"mmu04110","Cellular Processes","Cell growth and death","mmu04110","Cell cycle - Mus musculus (house mouse)","4/292","148/6691",0.893295732338526,0.994794395077559,0.914360980982806,"Ccnd2,Ccne2,Mad2l1bp,Ccnd1",4
"mmu05134","Human Diseases","Infectious disease: bacterial","mmu05134","Legionellosis - Mus musculus (house mouse)","1/292","53/6691",0.906929114060259,0.994794395077559,0.914360980982806,"Cycs",1
"mmu05152","Human Diseases","Infectious disease: bacterial","mmu05152","Tuberculosis - Mus musculus (house mouse)","4/292","153/6691",0.907394937581098,0.994794395077559,0.914360980982806,"Mrc2,Calm2,Mapk10,Cycs",4
"mmu04370","Environmental Information Processing","Signal transduction","mmu04370","VEGF signaling pathway - Mus musculus (house mouse)","1/292","54/6691",0.911023223535162,0.994794395077559,0.914360980982806,"Kdr",1
"mmu04666","Organismal Systems","Immune system","mmu04666","Fc gamma R-mediated phagocytosis - Mus musculus (house mouse)","2/292","91/6691",0.912650392494639,0.994794395077559,0.914360980982806,"Actr3b,Marcks",2
"mmu05170","Human Diseases","Infectious disease: viral","mmu05170","Human immunodeficiency virus 1 infection - Mus musculus (house mouse)","5/292","187/6691",0.917043003603196,0.994794395077559,0.914360980982806,"Map2k6,Gnb5,Calm2,Mapk10,Cycs",5
"mmu03420","Genetic Information Processing","Replication and repair","mmu03420","Nucleotide excision repair - Mus musculus (house mouse)","1/292","57/6691",0.922259548676411,0.994794395077559,0.914360980982806,"Pole4",1
"mmu05213","Human Diseases","Cancer: specific types","mmu05213","Endometrial cancer - Mus musculus (house mouse)","1/292","57/6691",0.922259548676411,0.994794395077559,0.914360980982806,"Ccnd1",1
"mmu05034","Human Diseases","Substance dependence","mmu05034","Alcoholism - Mus musculus (house mouse)","4/292","160/6691",0.924362289758617,0.994794395077559,0.914360980982806,"Gnb5,Calm2,H4c9,H3c15",4
"mmu04330","Environmental Information Processing","Signal transduction","mmu04330","Notch signaling pathway - Mus musculus (house mouse)","1/292","58/6691",0.925681347257431,0.994794395077559,0.914360980982806,"Hes1",1
"mmu04910","Organismal Systems","Endocrine system","mmu04910","Insulin signaling pathway - Mus musculus (house mouse)","3/292","130/6691",0.92813118443078,0.994794395077559,0.914360980982806,"Prkag3,Calm2,Mapk10",3
"mmu05135","Human Diseases","Infectious disease: bacterial","mmu05135","Yersinia infection - Mus musculus (house mouse)","3/292","130/6691",0.92813118443078,0.994794395077559,0.914360980982806,"Map2k6,Mapk10,Actr3b",3
"mmu04062","Organismal Systems","Immune system","mmu04062","Chemokine signaling pathway - Mus musculus (house mouse)","4/292","162/6691",0.928670370607345,0.994794395077559,0.914360980982806,"Tiam1,Cxcl9,Adcy7,Gnb5",4
"mmu04514","Environmental Information Processing","Signaling molecules and interaction","mmu04514","Cell adhesion molecules - Mus musculus (house mouse)","3/292","131/6691",0.930417704901388,0.994794395077559,0.914360980982806,"Ptprs,Ntng2,Lrrc4",3
"mmu04670","Organismal Systems","Immune system","mmu04670","Leukocyte transendothelial migration - Mus musculus (house mouse)","2/292","98/6691",0.932357809294602,0.994794395077559,0.914360980982806,"Mmp2,Thy1",2
"mmu04721","Organismal Systems","Nervous system","mmu04721","Synaptic vesicle cycle - Mus musculus (house mouse)","1/292","61/6691",0.935071996583961,0.994794395077559,0.914360980982806,"Rab3a",1
"mmu04720","Organismal Systems","Nervous system","mmu04720","Long-term potentiation - Mus musculus (house mouse)","1/292","62/6691",0.937931570791726,0.994794395077559,0.914360980982806,"Calm2",1
"mmu05221","Human Diseases","Cancer: specific types","mmu05221","Acute myeloid leukemia - Mus musculus (house mouse)","1/292","63/6691",0.940665615342762,0.994794395077559,0.914360980982806,"Ccnd1",1
"mmu04623","Organismal Systems","Immune system","mmu04623","Cytosolic DNA-sensing pathway - Mus musculus (house mouse)","1/292","64/6691",0.943279622633032,0.994794395077559,0.914360980982806,"Polr3k",1
"mmu04061","Environmental Information Processing","Signaling molecules and interaction","mmu04061","Viral protein interaction with cytokine and cytokine receptor - Mus musculus (house mouse)","1/292","65/6691",0.94577884553799,0.994794395077559,0.914360980982806,"Cxcl9",1
"mmu05211","Human Diseases","Cancer: specific types","mmu05211","Renal cell carcinoma - Mus musculus (house mouse)","1/292","67/6691",0.950452814104964,0.994794395077559,0.914360980982806,"Arnt2",1
"mmu04660","Organismal Systems","Immune system","mmu04660","T cell receptor signaling pathway - Mus musculus (house mouse)","2/292","107/6691",0.951574270182734,0.994794395077559,0.914360980982806,"Card11,Mapk10",2
"mmu00562","Metabolism","Carbohydrate metabolism","mmu00562","Inositol phosphate metabolism - Mus musculus (house mouse)","1/292","68/6691",0.952636959376906,0.994794395077559,0.914360980982806,"Inpp5j",1
"mmu05132","Human Diseases","Infectious disease: bacterial","mmu05132","Salmonella infection - Mus musculus (house mouse)","6/292","238/6691",0.952708848769462,0.994794395077559,0.914360980982806,"Dynll2,Map2k6,Mapk10,Actr3b,Cycs,Tuba1a",6
"mmu05166","Human Diseases","Infectious disease: viral","mmu05166","Human T-cell leukemia virus 1 infection - Mus musculus (house mouse)","5/292","210/6691",0.956193749426923,0.994794395077559,0.914360980982806,"Ccnd2,Ccne2,Adcy7,Mapk10,Ccnd1",5
"mmu03082","Genetic Information Processing","Chromosome","mmu03082","ATP-dependent chromatin remodeling - Mus musculus (house mouse)","2/292","112/6691",0.959876283100795,0.994794395077559,0.914360980982806,"Dpf1,Smarca1",2
"mmu04148",NA,NA,"mmu04148","Efferocytosis - Mus musculus (house mouse)","3/292","150/6691",0.962938229309741,0.994794395077559,0.914360980982806,"Dnmt3a,P2ry2,Dusp8",3
"mmu03018","Genetic Information Processing","Folding, sorting and degradation","mmu03018","RNA degradation - Mus musculus (house mouse)","1/292","74/6691",0.963867373269052,0.994794395077559,0.914360980982806,"Eno3",1
"mmu04658","Organismal Systems","Immune system","mmu04658","Th1 and Th2 cell differentiation - Mus musculus (house mouse)","1/292","74/6691",0.963867373269052,0.994794395077559,0.914360980982806,"Mapk10",1
"mmu05220","Human Diseases","Cancer: specific types","mmu05220","Chronic myeloid leukemia - Mus musculus (house mouse)","1/292","75/6691",0.965461861255365,0.994794395077559,0.914360980982806,"Ccnd1",1
"mmu04621","Organismal Systems","Immune system","mmu04621","NOD-like receptor signaling pathway - Mus musculus (house mouse)","3/292","153/6691",0.966530881607757,0.994794395077559,0.914360980982806,"Tnfaip3,Traf3,Mapk10",3
"mmu03083","Genetic Information Processing","Chromosome","mmu03083","Polycomb repressive complex - Mus musculus (house mouse)","1/292","78/6691",0.969836694779254,0.994794395077559,0.914360980982806,"E2f6",1
"mmu04140","Cellular Processes","Transport and catabolism","mmu04140","Autophagy - animal - Mus musculus (house mouse)","3/292","158/6691",0.971800556737043,0.994794395077559,0.914360980982806,"Ykt6,Trp53inp2,Mapk10",3
"mmu04726","Organismal Systems","Nervous system","mmu04726","Serotonergic synapse - Mus musculus (house mouse)","1/292","80/6691",0.972441826518855,0.994794395077559,0.914360980982806,"Gnb5",1
"mmu04142","Cellular Processes","Transport and catabolism","mmu04142","Lysosome - Mus musculus (house mouse)","2/292","123/6691",0.973613793400463,0.994794395077559,0.914360980982806,"Entpd4b,Entpd4",2
"mmu04613","Organismal Systems","Immune system","mmu04613","Neutrophil extracellular trap formation - Mus musculus (house mouse)","3/292","161/6691",0.974575618326795,0.994794395077559,0.914360980982806,"Ppif,H4c9,H3c15",3
"mmu04380","Organismal Systems","Development and regeneration","mmu04380","Osteoclast differentiation - Mus musculus (house mouse)","2/292","124/6691",0.974608933807196,0.994794395077559,0.914360980982806,"Map2k6,Mapk10",2
"mmu04650","Organismal Systems","Immune system","mmu04650","Natural killer cell mediated cytotoxicity - Mus musculus (house mouse)","1/292","82/6691",0.974822663172427,0.994794395077559,0.914360980982806,"Klra9",1
"mmu05235","Human Diseases","Cancer: overview","mmu05235","PD-L1 expression and PD-1 checkpoint pathway in cancer - Mus musculus (house mouse)","1/292","82/6691",0.974822663172427,0.994794395077559,0.914360980982806,"Map2k6",1
"mmu04217","Cellular Processes","Cell growth and death","mmu04217","Necroptosis - Mus musculus (house mouse)","2/292","130/6691",0.979861738939969,0.994794395077559,0.914360980982806,"Tnfaip3,Mapk10",2
"mmu05164","Human Diseases","Infectious disease: viral","mmu05164","Influenza A - Mus musculus (house mouse)","2/292","131/6691",0.98062831311111,0.994794395077559,0.914360980982806,"Traf3,Cycs",2
"mmu04520","Cellular Processes","Cellular community - eukaryotes","mmu04520","Adherens junction - Mus musculus (house mouse)","1/292","89/6691",0.981652713857017,0.994794395077559,0.914360980982806,"Ssx2ip",1
"mmu04659","Organismal Systems","Immune system","mmu04659","Th17 cell differentiation - Mus musculus (house mouse)","1/292","89/6691",0.981652713857017,0.994794395077559,0.914360980982806,"Mapk10",1
"mmu04072","Environmental Information Processing","Signal transduction","mmu04072","Phospholipase D signaling pathway - Mus musculus (house mouse)","2/292","133/6691",0.982077699811807,0.994794395077559,0.914360980982806,"Grm8,Adcy7",2
"mmu05171","Human Diseases","Infectious disease: viral","mmu05171","Coronavirus disease - COVID-19 - Mus musculus (house mouse)","4/292","208/6691",0.983012869288817,0.994794395077559,0.914360980982806,"Traf3,Hbegf,Mapk10,C7",4
"mmu04070","Environmental Information Processing","Signal transduction","mmu04070","Phosphatidylinositol signaling system - Mus musculus (house mouse)","1/292","92/6691",0.983981412522368,0.994794395077559,0.914360980982806,"Calm2",1
"mmu05142","Human Diseases","Infectious disease: parasitic","mmu05142","Chagas disease - Mus musculus (house mouse)","1/292","92/6691",0.983981412522368,0.994794395077559,0.914360980982806,"Mapk10",1
"mmu04144","Cellular Processes","Transport and catabolism","mmu04144","Endocytosis - Mus musculus (house mouse)","4/292","242/6691",0.994603555810848,0.998220964636565,0.917510497625523,"Tfrc,Psd3,Sh3kbp1,Actr3b",4
"mmu04071","Environmental Information Processing","Signal transduction","mmu04071","Sphingolipid signaling pathway - Mus musculus (house mouse)","1/292","116/6691",0.994604222011071,0.998220964636565,0.917510497625523,"Mapk10",1
"mmu05168","Human Diseases","Infectious disease: viral","mmu05168","Herpes simplex virus 1 infection - Mus musculus (house mouse)","3/292","391/6691",0.999996928709735,0.999996928709735,0.919142867349527,"Traf3,Zfp773,Cycs",3
